{

    "ctrltype":{"button":1, "label":2, "bmpLbael":3, "edit":4, "listbox":5, 
    "combobox":6, "progressBar":7, "tabctrl":8},
    "ctrlstyle":{"push":1, "radio":2, "checkbox":3, "singleedit":4, "multipleedit":5, "readedit":6, "rightAlignment":7, "centerAlignment":8},

   "CMainView": {
        "width":747,
        "height":505,
        "children" :{
		"title": {"pos": "11,8,0,0", "text": "抢票神器", "image": "", "type": 2, "color":"#FEFFFFFF"},
		//"btnSetting" :{"pos": "241,8,0,0", "text": "", "image": "btn_menu.png", "type": 1},
		"btnUpdate": {"pos": "-47,7,0,0", "text": "", "image": "btn_update.png", "type": 1},
		"btnClose": {"pos": "-22,10,0,0", "text": "", "image": "btn_close.png", "type": 1},
		"btnQA": {"pos": "-260,8,0,0", "text": "反馈建议，帮助我们就是帮助你自己！", "image": "", "type": 1},
		"btnLogin12306": {"pos": "50,60,0,0", "text": "登录12306", "image": "button_orange.png", "type": 1,"sumstate":2},
		"lblLoginUser": {"pos": "50,60,0,0", "text": "XXXXXX", "image": "", "type": 2, "color":"#FEFFFFFF"},
		"btnLogout": {"pos": "50,78,0,0", "text": "退出", "image": "button_blue.png", "type": 1,"sumstate":2},
		"btnTicketSetting": {"pos": "188,60,0,0", "text": "抢票设置", "image": "button_orange.png", "type": 1, "sumstate":2},
		"btnStartBuyTicket": {"pos": "505,60,0,0", "text": "", "image": "button_start.png", "type": 1, "sumstate":2},
		"btnStopBuyTicket": {"pos": "505,60,0,0", "text": "", "image": "button_stop.png", "type": 1, "sumstate":2},
		"lblTimespanName": {"pos": "50,126,0,0", "text": "刷票间隔", "image": "", "type": 2, "color":"#FE000000"},
		"edt1Timespan": {"pos": "200,126,248,144", "text": "", "image": "", "type": 4, "style": 11},
		"lblTimespanUnit": {"pos": "250,126,0,0", "text": "刷票间隔", "image": "", "type": 2, "color":"#FE000000"},
		"lblNoticeName": {"pos": "50,160,0,0", "text": "有票通知方式", "image": "", "type": 2, "color":"#FE000000"},
		"chkNoticeRing": {"pos": "150,160,0,0", "text": "铃声通知", "image": "checkbox.png", "type": 1, "style": 3, "color":"#FE000000", "sumstate":2},
		"chkNoticeFlashWnd": {"pos": "250,160,0,0", "text": "闪窗通知", "image": "checkbox.png", "type": 1, "style": 3, "color":"#FE000000", "sumstate":2},
		"chkNoticeShowWnd": {"pos": "350,160,0,0", "text": "窗口到最前", "image": "checkbox.png", "type": 1, "style": 3, "color":"#FE000000", "sumstate":2},
		"sep_bmp": {"pos": "1,192,0,0", "text": "", "image": "line.png", "type": 3},
		"edtShowLog": {"pos": "5,200,595,475", "text": "", "image":"", "type": 4, "style": 6}
	    }
	},

	"CLoginView": {
        "width":226,
        "height":222,
        "children" :{
		   "btnClose": {"pos": "-22,10,0,0", "text": "", "image": "btn_close.png", "type": 1},
		   "title1": {"pos": "11,8,0,0", "text": "登录12306", "image": "", "type": 2, "color":"#FE000000"},
		   "labelMsg": {"pos": "9,30,0,0", "text": "", "image": "", "type": 2, "color":"#FEFF0000"},
		   "edt1Username": {"pos": "105,42,323,67", "text": "", "image": "yy_50.png", "type": 4, "style": 9},
		   "edt2Password": {"pos": "105,80,323,105", "text": "", "image": "yy_56.png", "type": 4, "style": 10},
		   "lblCheckCodeName": {"pos": "105,130,0,0", "text": "验证码：", "image": "", "type": 2, "color":"#FE000000"},
		   "edt3CheckCode": {"pos": "160,130,200,144", "text": "", "image": "", "type": 4, "style": 9},
		   "labelCheckCode": {"pos": "210,120,0,0", "text": "", "image": "code.jpg", "type": 3},
		   "btnReloadCode": {"pos": "300,120,0,0", "text": "", "image": "refresh.png", "type": 1},
		   //"chkAutoLogin": {"pos": "109,160,0,0", "text": "下次自动登录", "image": "box_check.png", "type": 1, "style": 3, "color":"#FE666666"},
		   //"btnGoPageForgot": {"pos": "156,160,0,0", "text": "忘记用户名/密码？", "image": "", "type": 1, "color":"#FE1F7ED6"},
		   "btnLogin": {"pos": "109,186,0,0", "text": "", "image": "yy_64.png", "type": 1},
		   "labelNoAccount": {"pos": "109,226,0,0", "text": "还没有帐号？", "image": "", "type": 2, "color":"#FE000000"},
		   "btnGoPageRegister": {"pos": "180,226,0,0", "text": "立即注册", "image": "", "type": 1, "color":"#FE1F7ED6"},
		   "btnGoPageForgot": {"pos": "256,226,0,0", "text": "忘记密码？", "image": "", "type": 1, "color":"#FE1F7ED6"}
	  }
	},

	"CPiaoSettingView": {
        "width":288,
        "height":368,
        "children" :{
		"btnClose": {"pos": "-22,10,0,0", "text": "", "image": "btn_close.png", "type": 1},
		"title1": {"pos": "11,8,0,0", "text": "订票选项", "image": "", "type": 2, "color":"#FEFFFFFF"},
		"labelMsg": {"pos": "9,40,0,0", "text": "", "image": "", "type": 2, "color":"#FEFF0000"},
		"lblFromName": {"pos": "9,60,0,0", "text": "出发地：", "image":"", "type": 2, "color":"#FE000000"},
		"edt1CityFrom": {"pos": "80,60,148,74", "text": "", "image": "", "type": 4, "style": 9},
		"lblToName": {"pos": "169,60,0,0", "text": "目的地：", "image":"", "type": 2, "color":"#FE000000"},
		"edt1CityTo": {"pos": "240,60,308,74", "text": "", "image": "", "type": 4, "style": 9},
		"lblDateName": {"pos": "329,60,0,0", "text": "出发日： ", "image":"", "type": 2, "color":"#FE000000"},
//		"btnOptionDate": {"pos": "520,52,0,0", "text": "备选日期", "image": "button_blue.png", "type": 1,"sumstate":2},
//		"lblTypeName": {"pos": "9,60,193,100", "text": "车次类型：", "image":"", "type": 2},
//		"chkTrainType1": {"pos": "80,60,0,0", "text": "GC-高铁/城际", "image": "checkbox.png", "type": 1, "style": 3, "sumstate":2},
//		"chkTrainType2": {"pos": "180,60,0,0", "text": "D-动车", "image": "checkbox.png", "type": 1, "style": 3, "sumstate":2},
//		"chkTrainType3": {"pos": "260,60,0,0", "text": "Z-直达", "image": "checkbox.png", "type": 1, "style": 3, "sumstate":2},
//		"chkTrainType4": {"pos": "330,60,0,0", "text": "T-特快", "image": "checkbox.png", "type": 1, "style": 3, "sumstate":2},
//		"chkTrainType5": {"pos": "400,60,0,0", "text": "K-快速其他", "image": "checkbox.png", "type": 1, "style": 3, "sumstate":2},
//		"lblNoName": {"pos": "9,80,193,100", "text": "出发车站：", "image":"", "type": 2, "color":"#FE000000"},
//		"lblStationName": {"pos": "9,100,0,0", "text": "到达车站：", "image":"", "type": 2, "color":"#FE000000"},
		"lblPassengerName": {"pos": "9,80,0,0", "text": "乘车人：", "image":"", "type": 2, "color":"#FE000000"},
		"lblTrainNoName": {"pos": "9,180,0,0", "text": "车次选择：", "image":"", "type": 2, "color":"#FE000000"},
		"lblChairName": {"pos": "9,380,0,0", "text": "席别选择：", "image":"", "type": 2, "color":"#FE000000"},
		"chkSeatType1": {"pos": "80,380,0,0", "text": "商务座", "image": "checkbox.png", "type": 1, "style": 3, "sumstate":2, "color":"#FE000000"},
		"chkSeatType2": {"pos": "180,380,0,0", "text": "特等座", "image": "checkbox.png", "type": 1, "style": 3, "sumstate":2, "color":"#FE000000"},
		"chkSeatType3": {"pos": "280,380,0,0", "text": "一等座", "image": "checkbox.png", "type": 1, "style": 3, "sumstate":2, "color":"#FE000000"},
		"chkSeatType4": {"pos": "380,380,0,0", "text": "二等座", "image": "checkbox.png", "type": 1, "style": 3, "sumstate":2, "color":"#FE000000"},
		"chkSeatType5": {"pos": "480,380,0,0", "text": "高级软卧", "image": "checkbox.png", "type": 1, "style": 3, "sumstate":2, "color":"#FE000000"},
		"chkSeatType6": {"pos": "80,400,0,0", "text": "软卧", "image": "checkbox.png", "type": 1, "style": 3, "sumstate":2, "color":"#FE000000"},
		"chkSeatType7": {"pos": "180,400,0,0", "text": "硬卧", "image": "checkbox.png", "type": 1, "style": 3, "sumstate":2, "color":"#FE000000"},
		"chkSeatType8": {"pos": "280,400,0,0", "text": "软座", "image": "checkbox.png", "type": 1, "style": 3, "sumstate":2, "color":"#FE000000"},
		"chkSeatType9": {"pos": "380,400,0,0", "text": "硬座", "image": "checkbox.png", "type": 1, "style": 3, "sumstate":2, "color":"#FE000000"},
		"chkSeatType10": {"pos": "480,400,0,0", "text": "无座", "image": "checkbox.png", "type": 1, "style": 3, "sumstate":2, "color":"#FE000000"},
		"btnOK": {"pos": "480,430,0,0", "text": "确定", "image": "button_orange.png", "type": 1,"sumstate":2}
	  }
	},	

	"CConfirmOrderView": {
        "width":226,
        "height":222,
        "children" :{
		   "btnClose": {"pos": "-22,10,0,0", "text": "", "image": "btn_close.png", "type": 1},
		   "title2": {"pos": "11,8,0,0", "text": "确认订单", "image": "", "type": 2, "color":"#FE000000"},
		   "lblTicketInfo": {"pos": "50,60,0,0", "text": "2014-12-12    Txxx   二等座，  1张", "image": "", "type": 2, "color":"#FE000000"},
		   "labelMsg": {"pos": "105,160,0,0", "text": "", "image": "", "type": 2, "color":"#FEFF0000"},
		   "lblCheckCodeName": {"pos": "105,188,0,0", "text": "验证码：", "image": "", "type": 2, "color":"#FE000000"},
		   "edt3CheckCode": {"pos": "160,188,200,202", "text": "", "image": "", "type": 4, "style": 9},
		   "labelCheckCode": {"pos": "210,182,0,0", "text": "", "image": "code.jpg", "type": 3},
		   "btnReloadCode": {"pos": "300,182,0,0", "text": "", "image": "refresh.png", "type": 1},
		   "btnCancel": {"pos": "105,226,0,0", "text": "放弃", "image": "button_blue.png", "type": 1},
		   "btnOK": {"pos": "210,226,0,0", "text": "提交", "image": "button_orange.png", "type": 1}
		}
	}
}